ID_Contrat,Type_Contrat,Date_Debut_Contrat,Date_Fin_Contrat,Prime_Payee,Flux_Tresorerie_Futurs,Valeur_Actualisee_Flux,Coût_Services,Date_Reporting,CSM_Reconnu,Type_Donnee,Âge,Sexe,État_Civil,Profession,Localisation,Capital_Requis,Fonds_Propres_Disponibles,Provision_Sinistres,Provision_Contrats_Cours,Provision_Prestations_Payer,Chiffre_Affaires,Résultat_Net,Actifs_Circulants,Passifs_Courants,Capitaux_Propres,CSM_Initiale,Catégorie_Contrat,Ratio_Solvabilite,Statut_Validation
1,Multirisque Habitation,2023-01-31,2025-01-31,1127.26,686.84,1071.13,449.06,2024-01-31,490.59,Données actuarielles,20,Féminin,Marié,Cadre,Région A,1243.27,1859.54,470.17,672.0,849.78,50873.15,13732.1,23671.3,13791.0,29100.51,622.0700000000002,Assurance Habitation,1.4956847667843671,Validée
2,Assurance Santé Collective,2023-02-28,2025-02-28,818.66,1235.69,1307.93,747.27,2024-02-29,322.76,Données actuarielles,24,Masculin,Célibataire,Artisan,Région A,2322.56,2442.96,716.37,502.79,572.19,55466.92,3390.52,15033.11,15894.04,21435.19,560.6600000000001,Assurance Santé,1.0518393496831084,Validée
3,Tous Risques,2023-03-31,2025-03-31,1095.21,1500.15,1020.16,647.1,2024-03-31,280.53,Données actuarielles,68,Masculin,Marié,Agriculteur,Région D,1523.9,2222.87,344.24,544.99,760.98,51232.3,7606.12,19900.12,15289.51,30155.54,373.05999999999995,Assurance Automobile,1.4586718288601612,Non validée
4,Assurance Santé Individuelle,2023-04-30,2025-04-30,1260.73,1245.73,1048.85,924.79,2024-04-30,441.97,Données actuarielles,25,Féminin,Divorcé,Agriculteur,Région A,1803.99,1718.44,605.44,528.74,824.92,57094.62,9565.81,16667.4,14912.78,27077.07,124.05999999999995,Assurance Santé,0.952577342446466,Non validée
5,Complémentaire Santé,2023-05-31,2025-05-31,1042.32,1019.58,1167.77,691.35,2024-05-31,346.07,Données comptables,59,Féminin,Divorcé,Retraité,Région A,875.99,1777.78,667.15,587.66,782.13,30308.53,12845.52,28030.6,14945.59,15634.65,476.41999999999996,Assurance Santé,2.0294523910090296,Validée
6,Complémentaire Santé,2023-06-30,2025-06-30,1119.41,946.02,1661.2,518.63,2024-06-30,358.61,Données comptables,69,Féminin,Marié,Retraité,Région A,1114.76,2196.72,479.6,596.78,795.34,47817.49,10104.56,27812.3,20829.43,16431.82,1142.5700000000002,Assurance Santé,1.9705766263590367,Non validée
7,Épargne-Vie,2023-07-31,2025-07-31,820.73,1444.85,903.1,713.87,2024-07-31,147.68,Données actuarielles,32,Féminin,Marié,Employé,Région A,1900.16,2196.17,481.39,680.22,665.73,39765.81,7949.22,15038.29,18369.8,21566.22,189.23000000000002,Assurance Vie,1.1557816183900302,Non validée
8,Multirisque Habitation,2023-08-31,2025-08-31,977.6,1341.51,1580.91,576.2,2024-08-31,420.59,Données actuarielles,64,Masculin,Marié,Cadre,Région C,1595.34,1758.49,604.28,537.97,542.15,53017.23,12128.6,21929.42,13549.14,17073.96,1004.71,Assurance Habitation,1.1022666014768012,Non validée
9,Temporaire Décès,2023-09-30,2025-09-30,1293.79,1114.35,804.11,1038.52,2024-09-30,337.56,Données actuarielles,46,Masculin,Veuf,Retraité,Région D,2112.72,1906.4,550.6,644.81,637.4,52869.17,9365.99,25338.0,21331.15,23570.33,-234.40999999999997,Assurance Vie,0.9023438979135902,Validée
10,Vie Entière,2023-10-31,2025-10-31,775.22,1519.59,1157.24,870.75,2024-10-31,162.84,Données comptables,50,Masculin,Célibataire,Agriculteur,Région B,1645.55,2738.72,300.26,660.84,617.95,48843.78,9647.8,24241.65,16098.72,18917.57,286.49,Assurance Vie,1.6643189207255933,Validée
11,Temporaire Décès,2023-11-30,2025-11-30,1190.0,1456.2,1015.15,897.13,2024-11-30,348.51,Données actuarielles,69,Masculin,Marié,Artisan,Région A,1543.59,1765.38,415.66,623.79,688.76,55102.79,9918.52,20407.82,16430.5,24413.66,118.01999999999998,Assurance Vie,1.143684527627155,Validée
12,Complémentaire Santé,2023-12-31,2025-12-31,1345.3,1736.58,896.18,880.4,2024-12-31,93.75,Données actuarielles,47,Féminin,Marié,Agriculteur,Région C,2014.07,2764.32,498.65,568.85,853.06,59978.13,11722.93,26532.79,11650.72,33470.26,15.779999999999973,Assurance Santé,1.3725044313256243,Non validée
13,Intermédiaire,2024-01-31,2026-01-31,1091.58,1370.07,1274.77,926.03,2025-01-31,534.2,Données actuarielles,56,Masculin,Marié,Cadre,Région C,1803.04,2441.47,363.03,621.68,516.34,49394.79,9074.35,15477.43,13010.01,24703.74,348.74,Assurance Automobile,1.3540853225663323,Validée
14,Complémentaire Santé,2024-02-29,2026-02-28,663.14,1150.65,1249.97,970.0,2025-02-28,189.81,Données comptables,44,Masculin,Divorcé,Agriculteur,Région C,1441.12,2690.17,452.58,690.21,720.2,39483.05,12060.84,18484.54,12245.99,23182.21,279.97,Assurance Santé,1.866721716442767,Non validée
15,Responsabilité Civile Professionnelle,2024-03-31,2026-03-31,1065.37,1157.1,979.69,719.04,2025-03-31,461.18,Données comptables,53,Féminin,Divorcé,Employé,Région B,1171.77,1748.37,365.53,700.7,551.12,34187.42,9780.79,15611.79,15344.29,27329.46,260.6500000000001,Assurance Entreprise,1.4920760900176655,Validée
16,Vie Entière,2024-04-30,2026-04-30,983.78,619.63,576.55,587.01,2025-04-30,218.7,Données comptables,46,Masculin,Veuf,Cadre,Région A,788.52,1932.58,462.98,817.84,596.39,50361.1,6798.95,23912.47,17555.13,20821.48,-10.460000000000036,Assurance Vie,2.4508953482473492,Validée
17,Multirisque Habitation,2024-05-31,2026-05-31,1093.56,1245.2,994.99,672.96,2025-05-31,356.02,Données comptables,55,Masculin,Célibataire,Artisan,Région D,1368.7,1820.33,466.34,481.2,778.22,52418.67,9889.67,17086.82,16468.93,30060.49,322.03,Assurance Habitation,1.329970044567838,Non validée
18,Multirisque Habitation,2024-06-30,2026-06-30,1147.22,1195.29,1134.8,793.21,2025-06-30,208.79,Données comptables,50,Masculin,Veuf,Employé,Région D,1144.1,2450.7,535.18,547.2,533.41,40304.76,6954.36,19143.75,21352.18,27971.28,341.5899999999999,Assurance Habitation,2.1420330390700113,Validée
19,Temporaire Décès,2024-07-31,2026-07-31,844.06,800.98,1100.45,415.35,2025-07-31,399.71,Données comptables,54,Masculin,Célibataire,Cadre,Région C,2279.31,1772.93,490.82,406.38,802.79,57257.67,10122.96,23088.35,11448.97,25233.19,685.1,Assurance Vie,0.7778362750130522,Non validée
20,Complémentaire Santé,2024-08-31,2026-08-31,831.22,1192.41,1288.98,971.41,2025-08-31,276.47,Données comptables,44,Masculin,Divorcé,Artisan,Région B,1304.89,2292.49,550.28,711.72,510.7,45410.43,12488.42,23491.25,15459.48,25925.89,317.57000000000005,Assurance Santé,1.7568454045934903,Non validée
21,Responsabilité Civile,2024-09-30,2026-09-30,969.89,1602.95,1583.39,515.49,2025-09-30,346.78,Données comptables,50,Masculin,Divorcé,Employé,Région B,1296.69,2271.32,538.35,559.86,793.38,33435.67,6779.11,15464.37,9868.24,37250.48,1067.9,Assurance Automobile,1.751629148061603,Validée
22,Assurance PNO,2024-10-31,2026-10-31,806.89,979.64,1203.47,889.86,2025-10-31,301.51,Données actuarielles,21,Féminin,Divorcé,Employé,Région B,1043.63,1980.79,603.13,624.74,483.07,62564.36,11092.82,25283.28,11312.52,30653.87,313.61,Assurance Habitation,1.8979810852505197,Non validée
23,Épargne-Vie,2024-11-30,2026-11-30,1030.1,912.03,1241.94,774.79,2025-11-30,163.43,Données actuarielles,39,Féminin,Veuf,Cadre,Région D,1420.1,2519.46,587.38,527.48,613.51,61439.88,7512.89,22278.45,20058.31,38197.16,467.1500000000001,Assurance Vie,1.7741426660094362,Validée
24,Complémentaire Santé,2024-12-31,2026-12-31,977.32,1531.48,1137.05,842.78,2025-12-31,350.41,Données comptables,19,Masculin,Marié,Retraité,Région C,1300.64,2043.07,576.81,560.8,965.51,29844.01,10605.1,14591.49,13147.34,28192.18,294.27,Assurance Santé,1.5708189814245292,Validée
25,Tous Risques,2025-01-31,2027-01-31,1526.71,1390.27,1393.11,729.21,2026-01-31,249.68,Données comptables,27,Masculin,Marié,Employé,Région A,2021.32,2333.63,810.49,746.78,939.2,44374.0,12580.61,13361.42,11786.54,16169.85,663.8999999999999,Assurance Automobile,1.1545079453030693,Non validée
26,Temporaire Décès,2025-02-28,2027-02-28,794.98,2118.33,1232.85,832.58,2026-02-28,404.53,Données actuarielles,22,Féminin,Divorcé,Employé,Région D,1550.54,1802.12,534.74,683.31,642.25,43984.16,3611.46,19920.9,6480.09,23426.96,400.26999999999987,Assurance Vie,1.1622531505153042,Validée
27,Complémentaire Santé,2025-03-31,2027-03-31,843.59,804.43,1287.28,729.22,2026-03-31,276.41,Données comptables,27,Masculin,Marié,Artisan,Région C,1497.34,1710.63,759.36,586.62,754.59,66394.89,6656.57,24250.47,11746.58,14798.77,558.06,Assurance Santé,1.1424459374624336,Non validée
28,Assurance Multirisque Professionnelle,2025-04-30,2027-04-30,1084.79,1416.12,1552.24,716.57,2026-04-30,292.32,Données comptables,50,Masculin,Marié,Agriculteur,Région C,1459.6,2292.46,541.22,692.14,868.57,49007.07,8893.06,24378.58,14178.88,28169.82,835.67,Assurance Entreprise,1.5706083858591395,Validée
29,Vie Entière,2025-05-31,2027-05-31,1174.54,1294.77,1156.75,665.41,2026-05-31,468.29,Données comptables,55,Masculin,Veuf,Cadre,Région A,1735.85,2172.34,491.71,694.79,795.38,35041.22,10945.12,21780.83,9570.39,29472.43,491.34000000000003,Assurance Vie,1.2514560589912724,Validée
30,Intermédiaire,2025-06-30,2027-06-30,1457.45,1217.78,1032.26,1028.87,2026-06-30,538.16,Données actuarielles,30,Féminin,Célibataire,Cadre,Région A,1364.3,2097.32,462.68,553.03,661.72,58821.05,9500.85,20243.37,13948.87,19684.5,3.3900000000001,Assurance Automobile,1.5372865205599944,Validée
31,Temporaire Décès,2025-07-31,2027-07-31,1324.58,1473.15,1211.57,855.04,2026-07-31,378.6,Données actuarielles,48,Masculin,Divorcé,Retraité,Région A,1700.16,1862.52,650.97,423.71,595.19,37692.24,9862.36,22558.69,20082.52,21066.18,356.53,Assurance Vie,1.095496894409938,Validée
32,Assurance Santé Individuelle,2025-08-31,2027-08-31,1164.75,1191.08,1384.06,831.42,2026-08-31,271.29,Données actuarielles,64,Féminin,Divorcé,Retraité,Région B,1984.19,2619.68,664.05,492.1,821.53,47396.6,16128.95,15723.35,12170.78,25892.51,552.64,Assurance Santé,1.3202767880092128,Validée
33,Responsabilité Civile Locataire,2025-09-30,2027-09-30,1058.61,619.09,1225.36,668.67,2026-09-30,262.53,Données actuarielles,53,Masculin,Veuf,Cadre,Région A,1638.02,1553.37,559.98,439.14,858.3,42302.31,6362.63,28434.94,11226.47,17811.38,556.6899999999999,Assurance Habitation,0.9483217543131341,Non validée
34,Épargne-Vie,2025-10-31,2027-10-31,1179.33,945.79,1365.16,764.77,2026-10-31,218.13,Données actuarielles,62,Féminin,Veuf,Retraité,Région C,1425.08,1531.46,613.35,739.73,940.2,44395.45,13406.46,28369.69,10504.39,17361.04,600.3900000000001,Assurance Vie,1.0746484407892891,Non validée
35,Responsabilité Civile Professionnelle,2025-11-30,2027-11-30,877.94,1609.33,932.76,651.92,2026-11-30,237.48,Données comptables,41,Féminin,Marié,Artisan,Région A,1213.96,2376.87,372.28,760.57,463.79,59372.58,8950.07,22144.06,10432.94,32431.79,280.84000000000003,Assurance Entreprise,1.9579475435763944,Non validée
36,Vie Entière,2025-12-31,2027-12-31,936.77,1551.61,882.98,726.33,2026-12-31,272.64,Données actuarielles,69,Masculin,Divorcé,Cadre,Région C,1417.46,2344.04,345.12,790.36,524.56,65213.3,11648.42,20986.5,17142.31,25688.26,156.64999999999998,Assurance Vie,1.6536904039620164,Non validée
37,Tous Risques,2026-01-31,2028-01-31,703.52,1088.06,963.74,618.63,2027-01-31,496.43,Données comptables,32,Féminin,Célibataire,Retraité,Région D,1668.92,2141.51,624.63,357.65,862.67,37256.31,16386.84,17942.9,15194.67,21651.34,345.11,Assurance Automobile,1.2831711526016827,Non validée
38,Tous Risques,2026-02-28,2028-02-29,954.23,1351.08,783.15,1038.37,2027-02-28,280.28,Données comptables,46,Masculin,Veuf,Cadre,Région B,1040.24,1884.82,487.32,728.57,482.79,56260.76,12066.03,22643.74,18827.43,14847.29,-255.2199999999999,Assurance Automobile,1.8119087902791662,Non validée
39,Complémentaire Santé,2026-03-31,2028-03-31,1192.53,2035.18,1127.57,686.46,2027-03-31,177.39,Données actuarielles,25,Féminin,Célibataire,Agriculteur,Région D,1749.46,2200.97,574.93,865.46,873.4,42672.46,11117.49,16543.41,23079.35,30114.11,441.1099999999999,Assurance Santé,1.25808535205149,Validée
40,Temporaire Décès,2026-04-30,2028-04-30,958.06,1190.64,992.49,668.74,2027-04-30,304.17,Données actuarielles,22,Masculin,Célibataire,Employé,Région D,1562.28,2688.33,428.27,733.44,669.91,42983.28,14797.37,8881.94,7678.44,20892.89,323.75,Assurance Vie,1.720773484906675,Validée
41,Assurance Santé Individuelle,2026-05-31,2028-05-31,845.19,1196.53,1407.55,601.16,2027-05-31,317.81,Données comptables,46,Masculin,Divorcé,Cadre,Région C,1455.24,3006.22,665.7,341.85,627.07,54906.36,13374.4,6429.46,16520.31,36164.11,806.39,Assurance Santé,2.0657898353536184,Non validée
42,Complémentaire Santé,2026-06-30,2028-06-30,928.04,1257.18,777.19,684.32,2027-06-30,303.56,Données comptables,64,Féminin,Divorcé,Employé,Région D,1302.18,1337.43,345.96,812.2,728.76,39720.97,7601.82,16002.51,10525.52,30155.86,92.87,Assurance Santé,1.0270699903239184,Non validée
43,Vie Entière,2026-07-31,2028-07-31,1144.82,1382.09,1488.73,725.77,2027-07-31,379.97,Données comptables,21,Masculin,Veuf,Retraité,Région C,1357.09,1832.43,361.44,605.0,511.65,54706.03,10883.57,20781.89,18155.6,20151.15,762.96,Assurance Vie,1.3502641681833925,Validée
44,Assurance Multirisque Professionnelle,2026-08-31,2028-08-31,948.85,1095.33,854.7,792.58,2027-08-31,306.9,Données actuarielles,29,Masculin,Divorcé,Employé,Région A,1679.19,1807.29,644.43,572.11,815.36,57301.13,4847.51,21659.86,13912.35,20707.17,62.120000000000005,Assurance Entreprise,1.0762867811266146,Validée
45,Épargne-Vie,2026-09-30,2028-09-30,1169.98,1381.84,790.44,703.2,2027-09-30,376.87,Données actuarielles,62,Féminin,Divorcé,Cadre,Région A,1461.54,2650.61,239.02,654.13,936.55,45674.68,8379.54,17566.21,15109.29,35331.11,87.24000000000001,Assurance Vie,1.8135733541333117,Validée
46,Temporaire Décès,2026-10-31,2028-10-31,737.74,616.73,893.84,559.91,2027-10-31,221.97,Données actuarielles,19,Masculin,Divorcé,Agriculteur,Région C,1349.66,1007.48,537.86,474.12,821.88,63270.78,10942.16,20709.18,9867.29,24494.44,333.93000000000006,Assurance Vie,0.7464694812026732,Non validée
47,Multirisque Habitation,2026-11-30,2028-11-30,825.94,1300.92,1587.82,572.81,2027-11-30,478.07,Données actuarielles,44,Masculin,Célibataire,Retraité,Région A,1640.57,2205.53,489.27,600.33,665.49,37271.75,8193.68,18628.86,13294.29,21920.13,1015.01,Assurance Habitation,1.3443681159596972,Non validée
48,Épargne-Vie,2026-12-31,2028-12-31,898.67,1215.19,1089.98,901.95,2027-12-31,325.25,Données actuarielles,48,Féminin,Veuf,Cadre,Région B,1652.46,1897.28,426.4,794.45,484.68,63454.06,10820.1,15003.44,15358.65,25166.33,188.02999999999997,Assurance Vie,1.1481548721300363,Non validée
49,Responsabilité Civile,2027-01-31,2029-01-31,738.01,1134.76,1232.36,781.58,2028-01-31,340.02,Données comptables,68,Féminin,Marié,Retraité,Région D,1125.25,2655.25,480.01,674.69,490.06,30560.13,9959.85,19731.28,20424.31,21892.52,450.77999999999986,Assurance Automobile,2.3596978449233506,Validée
50,Temporaire Décès,2027-02-28,2029-02-28,1588.73,1057.42,1054.03,897.33,2028-02-29,221.55,Données actuarielles,68,Masculin,Célibataire,Artisan,Région B,1671.44,2600.42,415.25,607.01,513.85,76997.14,11609.25,24064.79,11821.76,26446.29,156.69999999999993,Assurance Vie,1.5557961996841048,Validée
51,Épargne-Vie,2027-03-31,2029-03-31,780.75,1017.19,1077.48,917.04,2028-03-31,347.18,Données comptables,53,Masculin,Divorcé,Employé,Région D,2250.51,2146.2,654.23,610.75,698.28,45937.98,8727.4,15229.69,12797.23,24545.06,160.44000000000005,Assurance Vie,0.9536505058853325,Non validée
52,Vie Entière,2027-04-30,2029-04-30,1182.98,955.94,973.53,822.66,2028-04-30,365.11,Données comptables,53,Féminin,Célibataire,Artisan,Région A,1640.89,1368.11,680.45,458.23,715.88,38376.93,7179.55,15231.98,18777.16,30253.05,150.87,Assurance Vie,0.8337609468032591,Non validée
53,Temporaire Décès,2027-05-31,2029-05-31,866.79,504.58,1112.69,615.24,2028-05-31,183.02,Données comptables,43,Féminin,Divorcé,Cadre,Région B,990.3,1770.44,431.43,582.0,821.58,47673.28,14434.38,14653.75,11562.64,22668.56,497.45000000000005,Assurance Vie,1.7877814803594871,Validée
54,Complémentaire Santé,2027-06-30,2029-06-30,897.24,1119.59,1223.65,828.44,2028-06-30,134.09,Données actuarielles,60,Masculin,Divorcé,Agriculteur,Région A,1553.21,1814.24,527.55,403.88,448.56,39535.22,8512.91,10317.41,19569.54,19691.1,395.21000000000004,Assurance Santé,1.168058408071027,Validée
55,Vie Entière,2027-07-31,2029-07-31,1060.26,1528.9,1519.58,1009.94,2028-07-31,329.37,Données actuarielles,44,Féminin,Célibataire,Retraité,Région D,950.76,1469.42,367.49,722.69,883.57,53869.65,11980.03,17598.99,14963.65,22906.09,509.6399999999999,Assurance Vie,1.5455214775547983,Validée
56,Multirisque Habitation,2027-08-31,2029-08-31,708.3,1099.38,631.38,732.89,2028-08-31,251.12,Données actuarielles,22,Masculin,Veuf,Employé,Région C,2450.21,2461.83,607.31,337.71,797.22,63676.57,14305.74,23570.43,16212.49,22869.5,-101.50999999999999,Assurance Habitation,1.0047424506470874,Validée
57,Vie Entière,2027-09-30,2029-09-30,867.45,1390.53,1502.71,851.09,2028-09-30,325.99,Données comptables,37,Masculin,Divorcé,Retraité,Région C,2170.7,1418.63,604.7,702.59,654.24,40065.44,10488.01,20869.58,16470.09,24534.8,651.62,Assurance Vie,0.6535357258027366,Non validée
58,Responsabilité Civile,2027-10-31,2029-10-31,970.71,875.94,1231.99,797.93,2028-10-31,170.9,Données comptables,28,Masculin,Veuf,Cadre,Région B,1300.22,2786.13,470.47,717.53,533.43,55793.99,7431.08,19153.75,12535.12,28807.24,434.06000000000006,Assurance Automobile,2.142814292965806,Validée
59,Complémentaire Santé,2027-11-30,2029-11-30,830.8,808.29,1008.06,1005.86,2028-11-30,143.95,Données comptables,27,Masculin,Marié,Retraité,Région A,826.3,2785.13,501.69,758.25,874.88,34672.65,9464.17,20645.32,16559.55,28479.45,2.199999999999932,Assurance Santé,3.3706038968897496,Validée
60,Assurance PNO,2027-12-31,2029-12-31,835.5,974.77,963.07,698.33,2028-12-31,320.67,Données comptables,57,Masculin,Divorcé,Employé,Région A,1236.49,1845.98,490.62,610.42,657.99,60329.55,13052.62,17555.09,11910.52,32197.95,264.74,Assurance Habitation,1.4929194736714408,Validée
61,Responsabilité Civile,2028-01-31,2030-01-31,1217.35,892.35,1360.92,973.03,2029-01-31,265.02,Données comptables,55,Féminin,Veuf,Cadre,Région B,1445.7,2131.4,338.15,710.0,697.2,54162.36,10618.74,10260.57,12991.59,20131.06,387.8900000000001,Assurance Automobile,1.4743031057619147,Non validée
62,Assurance Pertes d'Exploitation,2028-02-29,2030-02-28,1201.0,845.09,1157.24,743.75,2029-02-28,88.93,Données comptables,23,Féminin,Veuf,Retraité,Région C,971.44,1971.09,654.6,580.83,753.71,60761.83,6384.57,23918.59,17234.76,27332.32,413.49,Assurance Entreprise,2.0290393642427733,Non validée
63,Assurance Santé Collective,2028-03-31,2030-03-31,911.65,1334.93,716.48,695.88,2029-03-31,434.31,Données actuarielles,25,Féminin,Marié,Agriculteur,Région D,1479.29,2360.73,423.3,457.6,572.15,48776.53,11789.93,25355.62,16173.58,29363.92,20.600000000000023,Assurance Santé,1.5958534161658635,Validée
64,Complémentaire Santé,2028-04-30,2030-04-30,983.17,1733.68,1190.77,816.48,2029-04-30,169.23,Données actuarielles,40,Féminin,Veuf,Cadre,Région B,1443.73,2509.87,423.99,783.69,660.49,45648.43,12308.59,16359.22,14700.14,20954.68,374.28999999999996,Assurance Santé,1.7384621778310347,Validée
65,Assurance Santé Collective,2028-05-31,2030-05-31,1247.4,999.92,1386.09,851.37,2029-05-31,557.33,Données actuarielles,64,Masculin,Veuf,Cadre,Région D,1537.55,2103.2,484.96,588.37,821.14,58161.17,8934.06,19245.82,9965.07,23754.21,534.7199999999999,Assurance Santé,1.3678904751065004,Validée
66,Tous Risques,2028-06-30,2030-06-30,714.7,692.45,1314.47,1086.73,2029-06-30,237.6,Données actuarielles,43,Masculin,Marié,Agriculteur,Région C,1568.89,2187.65,599.55,430.86,806.97,36919.51,11830.73,18815.0,10963.37,14500.13,227.74,Assurance Automobile,1.3943934883898808,Non validée
67,Assurance Santé Individuelle,2028-07-31,2030-07-31,1067.6,1397.04,943.29,847.93,2029-07-31,340.16,Données comptables,63,Masculin,Divorcé,Artisan,Région A,1210.31,1751.76,440.87,543.98,808.24,32571.76,10735.06,21756.44,16106.84,30441.15,95.36000000000001,Assurance Santé,1.4473647247399428,Non validée
68,Tous Risques,2028-08-31,2030-08-31,1394.91,769.23,764.5,828.99,2029-08-31,464.69,Données comptables,60,Masculin,Veuf,Employé,Région C,1243.98,2174.69,304.78,548.72,538.27,49950.38,9407.71,28449.47,17928.56,23707.01,-64.49000000000001,Assurance Automobile,1.7481711924629013,Non validée
69,Responsabilité Civile,2028-09-30,2030-09-30,1393.01,845.02,1018.51,1039.42,2029-09-30,447.94,Données actuarielles,29,Féminin,Veuf,Artisan,Région B,1513.68,2065.1,411.3,655.4,666.88,46104.03,6119.39,25798.96,10561.42,29839.39,-20.910000000000082,Assurance Automobile,1.3642909994186352,Validée
70,Assurance Multirisque Professionnelle,2028-10-31,2030-10-31,612.02,1348.5,1913.5,890.16,2029-10-31,498.61,Données comptables,43,Masculin,Veuf,Retraité,Région A,1310.7,1635.28,542.41,881.65,644.5,55538.33,13233.86,18115.43,11640.7,26236.3,1023.34,Assurance Entreprise,1.2476386663614862,Non validée
71,Multirisque Habitation,2028-11-30,2030-11-30,847.47,1150.41,713.75,703.36,2029-11-30,147.69,Données actuarielles,30,Masculin,Célibataire,Agriculteur,Région B,1772.25,1994.39,718.98,662.69,759.53,60915.51,12277.63,22712.32,15536.74,23889.01,10.389999999999986,Assurance Habitation,1.1253434899139512,Validée
72,Complémentaire Santé,2028-12-31,2030-12-31,1033.73,993.85,889.32,1003.4,2029-12-31,186.41,Données actuarielles,57,Féminin,Marié,Artisan,Région B,1510.77,1846.73,374.01,624.82,746.99,55330.14,11751.66,26271.78,15451.15,15443.18,-114.07999999999993,Assurance Santé,1.2223766688509834,Validée
73,Responsabilité Civile,2029-01-31,2031-01-31,735.62,1220.51,1198.01,689.06,2030-01-31,322.6,Données actuarielles,35,Féminin,Célibataire,Cadre,Région C,2059.5,1756.2,370.35,894.69,721.76,60119.03,14633.58,22041.73,8504.17,16510.28,508.95000000000005,Assurance Automobile,0.8527312454479242,Validée
74,Assurance Santé Individuelle,2029-02-28,2031-02-28,866.35,1077.18,1068.87,702.61,2030-02-28,383.97,Données comptables,42,Féminin,Marié,Retraité,Région B,1746.14,1541.4,348.74,717.47,1045.2,53210.52,12835.58,19976.5,15646.25,9441.12,366.2599999999999,Assurance Santé,0.8827470878623708,Non validée
75,Assurance Pertes d'Exploitation,2029-03-31,2031-03-31,972.54,1766.86,1049.95,672.72,2030-03-31,298.88,Données actuarielles,50,Féminin,Divorcé,Retraité,Région C,1831.11,2025.0,336.33,630.51,659.29,54945.96,12059.7,22230.0,12606.53,21624.32,377.23,Assurance Entreprise,1.1058865933777873,Validée
76,Responsabilité Civile,2029-04-30,2031-04-30,1280.26,997.26,1606.18,659.56,2030-04-30,136.2,Données actuarielles,64,Masculin,Divorcé,Artisan,Région A,1539.77,1687.81,620.57,542.47,642.9,48833.43,3360.32,16483.64,21564.19,38669.49,946.6200000000001,Assurance Automobile,1.0961442293329522,Non validée
77,Multirisque Habitation,2029-05-31,2031-05-31,990.92,925.98,886.69,849.98,2030-05-31,349.66,Données actuarielles,57,Masculin,Veuf,Artisan,Région C,1547.21,1811.56,649.47,637.94,538.06,54650.45,13590.68,17213.59,15996.79,17272.32,36.710000000000036,Assurance Habitation,1.1708559277667543,Non validée
78,Complémentaire Santé,2029-06-30,2031-06-30,1043.39,1063.49,1096.43,761.31,2030-06-30,280.57,Données comptables,60,Féminin,Marié,Agriculteur,Région A,2019.4,2430.05,517.78,592.03,484.7,51666.53,10249.24,14679.83,16685.89,9211.41,335.1200000000001,Assurance Santé,1.2033524809349312,Validée
79,Assurance Multirisque Professionnelle,2029-07-31,2031-07-31,1102.48,1076.17,1150.48,278.27,2030-07-31,279.38,Données comptables,29,Masculin,Divorcé,Employé,Région C,1386.51,2252.85,453.23,610.97,529.16,53251.77,10937.48,21535.32,16789.44,30776.01,872.21,Assurance Entreprise,1.6248350174178332,Validée
80,Responsabilité Civile,2029-08-31,2031-08-31,1108.7,1378.69,898.82,759.76,2030-08-31,72.2,Données actuarielles,61,Masculin,Marié,Artisan,Région D,1664.03,1608.49,679.11,757.73,599.38,48332.76,10958.0,19342.99,10144.29,39182.31,139.06000000000006,Assurance Automobile,0.9666231978990764,Non validée
81,Responsabilité Civile,2029-09-30,2031-09-30,1005.62,602.54,739.84,722.31,2030-09-30,379.75,Données comptables,53,Masculin,Divorcé,Artisan,Région D,1420.13,2140.76,517.39,535.16,883.41,58089.29,12321.5,15884.41,22775.51,26787.53,17.530000000000086,Assurance Automobile,1.5074394597677678,Validée
82,Multirisque Habitation,2029-10-31,2031-10-31,760.58,1327.81,1167.33,933.92,2030-10-31,314.52,Données comptables,65,Féminin,Célibataire,Cadre,Région B,1419.41,2053.11,608.94,661.62,705.48,42895.47,13366.53,19179.1,8508.36,26732.39,233.40999999999997,Assurance Habitation,1.4464531037543769,Non validée
83,Complémentaire Santé,2029-11-30,2031-11-30,1157.93,1037.61,1553.42,715.51,2030-11-30,479.52,Données comptables,21,Masculin,Divorcé,Retraité,Région C,1149.33,2680.68,448.36,713.87,727.07,49816.51,11902.72,22349.99,18182.81,23140.71,837.9100000000001,Assurance Santé,2.3323849547127455,Validée
84,Épargne-Vie,2029-12-31,2031-12-31,1086.3,1433.05,1201.15,1180.89,2030-12-31,292.55,Données comptables,22,Féminin,Célibataire,Employé,Région C,1277.25,2553.26,504.42,520.55,686.52,63117.84,11425.86,29573.56,17474.66,14234.46,20.25999999999999,Assurance Vie,1.999029164220004,Non validée
85,Vie Entière,2030-01-31,2032-01-31,780.65,1185.71,1122.52,1009.52,2031-01-31,356.63,Données comptables,54,Masculin,Divorcé,Cadre,Région A,1221.52,1386.5,376.27,501.29,751.14,40512.78,10694.54,25060.34,13091.99,16295.73,113.0,Assurance Vie,1.1350612351823957,Non validée
86,Assurance Santé Collective,2030-02-28,2032-02-29,863.54,1355.61,1120.68,741.51,2031-02-28,383.18,Données comptables,25,Masculin,Veuf,Agriculteur,Région B,1678.31,2344.45,562.92,581.96,896.29,28381.55,-54.83,8579.26,17665.8,23099.48,379.1700000000001,Assurance Santé,1.3969111785069503,Non validée
87,Temporaire Décès,2030-03-31,2032-03-31,1177.5,1082.58,1035.4,972.44,2031-03-31,125.38,Données comptables,59,Masculin,Célibataire,Agriculteur,Région C,1812.06,2506.08,519.09,544.6,420.85,53664.57,9137.23,21196.54,13729.71,21949.27,62.960000000000036,Assurance Vie,1.3830005628952684,Non validée
88,Vie Entière,2030-04-30,2032-04-30,1121.1,1331.41,1395.87,878.78,2031-04-30,561.67,Données comptables,66,Féminin,Divorcé,Artisan,Région B,1471.57,2223.74,410.54,738.28,870.57,47430.46,7175.23,27146.62,12298.15,24308.96,517.0899999999999,Assurance Vie,1.5111343666967931,Validée
89,Épargne-Vie,2030-05-31,2032-05-31,855.94,1699.13,973.64,835.02,2031-05-31,256.92,Données comptables,45,Masculin,Veuf,Artisan,Région D,1568.89,1865.84,411.89,479.79,347.89,60108.62,13632.22,13310.63,16878.24,29975.95,138.62,Assurance Vie,1.1892739452734098,Validée
90,Responsabilité Civile Locataire,2030-06-30,2032-06-30,946.01,978.23,760.8,920.4,2031-06-30,349.46,Données comptables,48,Féminin,Célibataire,Agriculteur,Région C,1454.26,2965.36,661.6,608.22,703.95,48694.85,11857.11,22757.8,10973.76,21508.97,-159.60000000000002,Assurance Habitation,2.0390851704647037,Non validée
91,Responsabilité Civile Professionnelle,2030-07-31,2032-07-31,971.31,1167.84,704.59,808.11,2031-07-31,364.06,Données actuarielles,26,Féminin,Veuf,Artisan,Région C,1256.77,2260.56,697.17,905.53,1006.87,43956.61,8625.59,18816.79,14102.98,30098.3,-103.51999999999998,Assurance Entreprise,1.7987062071819029,Non validée
92,Intermédiaire,2030-08-31,2032-08-31,1123.4,1054.13,1119.75,836.05,2031-08-31,218.52,Données actuarielles,68,Féminin,Marié,Employé,Région B,1758.68,2790.62,478.69,649.57,795.29,49241.83,8926.85,25751.45,12623.29,21548.26,283.70000000000005,Assurance Automobile,1.586769622671549,Validée
93,Responsabilité Civile Locataire,2030-09-30,2032-09-30,1249.79,1677.89,1365.17,923.5,2031-09-30,484.7,Données comptables,46,Masculin,Marié,Artisan,Région C,1695.76,2540.59,506.78,669.51,752.23,60930.69,8818.06,22021.29,13656.08,31229.44,441.6700000000001,Assurance Habitation,1.4982013964240224,Validée
94,Multirisque Habitation,2030-10-31,2032-10-31,1013.13,1069.82,1159.37,1107.87,2031-10-31,326.6,Données actuarielles,31,Masculin,Célibataire,Retraité,Région B,932.24,2185.65,540.01,739.28,980.27,55753.7,8764.52,15579.92,16730.91,25518.21,51.5,Assurance Habitation,2.3445142881661374,Validée
95,Temporaire Décès,2030-11-30,2032-11-30,1233.84,980.19,1020.66,837.68,2031-11-30,278.65,Données actuarielles,57,Masculin,Divorcé,Artisan,Région C,1415.07,1768.12,514.8,544.45,601.57,25660.98,5666.33,18995.74,12622.53,22385.02,182.98000000000002,Assurance Vie,1.2494929579455434,Validée
96,Responsabilité Civile,2030-12-31,2032-12-31,1174.66,1026.52,1214.61,731.93,2031-12-31,313.85,Données comptables,58,Masculin,Célibataire,Cadre,Région A,1235.39,1990.36,332.57,470.23,760.76,51857.67,5016.16,19291.52,14230.7,25415.76,482.67999999999995,Assurance Automobile,1.611118756020366,Validée
97,Tous Risques,2031-01-31,2033-01-31,1041.13,1159.28,1146.55,495.62,2032-01-31,376.43,Données comptables,39,Féminin,Veuf,Employé,Région B,1382.72,1911.24,542.79,621.18,780.94,52357.62,10087.14,19384.11,12987.42,23238.77,650.93,Assurance Automobile,1.3822321221939367,Validée
98,Temporaire Décès,2031-02-28,2033-02-28,711.3,961.95,1306.55,1094.2,2032-02-29,301.08,Données comptables,28,Féminin,Divorcé,Cadre,Région C,1298.87,1514.19,291.21,631.85,626.86,49817.5,13225.94,25596.31,20775.99,25678.81,212.3499999999999,Assurance Vie,1.165774865844927,Non validée
99,Responsabilité Civile Professionnelle,2031-03-31,2033-03-31,794.46,1089.47,1431.63,760.51,2032-03-31,388.19,Données actuarielles,40,Féminin,Marié,Cadre,Région D,1486.07,2260.11,426.73,405.81,639.22,43891.1,8386.93,15786.9,16370.45,29548.64,671.1200000000001,Assurance Entreprise,1.5208637547356452,Validée
100,Assurance Santé Collective,2031-04-30,2033-04-30,1148.25,1247.16,861.4,880.22,2032-04-30,131.51,Données actuarielles,18,Masculin,Divorcé,Retraité,Région C,1401.03,2626.94,550.54,645.01,623.87,61945.32,10910.33,25015.26,15880.28,24476.71,-18.82000000000005,Assurance Santé,1.8750062454051664,Validée
